{
  "name": "51智能车_切换功能_应用层",
  "type": "C51",
  "dependenceList": [],
  "srcDirs": [
    "src"
  ],
  "outDir": "build",
  "virtualFolder": {
    "name": "<virtual_root>",
    "files": [],
    "folders": []
  },
  "miscInfo": {
    "uid": "2108137eee52259e748d9942a57902d9"
  },
  "targets": {
    "Release": {
      "excludeList": [],
      "toolchain": "Keil_C51",
      "compileConfig": {
        "options": ""
      },
      "uploader": "Custom",
      "uploadConfig": {
        "bin": "",
        "commandLine": "python ./tools/stcflash.py -p COM10 \"${hexFile}\"",
        "eraseChipCommand": ""
      },
      "uploadConfigMap": {},
      "custom_dep": {
        "name": "default",
        "incList": [
          "../../../Develop/KEIL_C51/C51/INC/STC",
          "../../../../Develop/KEIL_C51/C51/INC/STC"
        ],
        "libList": [],
        "defineList": []
      },
      "builderOptions": {
        "Keil_C51": {
          "version": 2,
          "beforeBuildTasks": [],
          "afterBuildTasks": [],
          "global": {
            "ram-mode": "SMALL",
            "rom-mode": "LARGE"
          },
          "c/cpp-compiler": {
            "optimization-type": "SPEED",
            "optimization-level": "level-8"
          },
          "asm-compiler": {},
          "linker": {
            "remove-unused": true,
            "output-format": "elf"
          }
        }
      }
    },
    "Debug": {
      "excludeList": [],
      "toolchain": "Keil_C51",
      "compileConfig": {
        "options": ""
      },
      "uploader": "Custom",
      "uploadConfig": {
        "bin": "",
        "commandLine": "python ./tools/stcflash.py -p COM9 \"${hexFile}\"",
        "eraseChipCommand": ""
      },
      "uploadConfigMap": {},
      "custom_dep": {
        "name": "default",
        "incList": [
          "../../../Develop/KEIL_C51/C51/INC/STC",
          "../../../../Develop/KEIL_C51/C51/INC/STC"
        ],
        "libList": [],
        "defineList": []
      },
      "builderOptions": {
        "Keil_C51": {
          "version": 2,
          "beforeBuildTasks": [],
          "afterBuildTasks": [],
          "global": {
            "ram-mode": "SMALL",
            "rom-mode": "LARGE"
          },
          "c/cpp-compiler": {
            "optimization-type": "SPEED",
            "optimization-level": "level-8"
          },
          "asm-compiler": {},
          "linker": {
            "remove-unused": true,
            "output-format": "elf"
          }
        }
      }
    }
  },
  "version": "3.6",
  "deviceName": null,
  "packDir": null
}